--
-- PostgreSQL database dump
--

-- Dumped from database version 17.5
-- Dumped by pg_dump version 17.5

SET statement_timeout = 0;
SET lock_timeout = 0;
SET idle_in_transaction_session_timeout = 0;
SET transaction_timeout = 0;
SET client_encoding = 'UTF8';
SET standard_conforming_strings = on;
SELECT pg_catalog.set_config('search_path', '', false);
SET check_function_bodies = false;
SET xmloption = content;
SET client_min_messages = warning;
SET row_security = off;

SET default_tablespace = '';

SET default_table_access_method = heap;

--
-- Name: advocateshub_user; Type: TABLE; Schema: public; Owner: postgres
--

CREATE TABLE public.advocateshub_user (
    id bigint NOT NULL,
    password character varying(128) NOT NULL,
    last_login timestamp with time zone,
    is_superuser boolean NOT NULL,
    username character varying(150) NOT NULL,
    first_name character varying(150) NOT NULL,
    last_name character varying(150) NOT NULL,
    is_staff boolean NOT NULL,
    is_active boolean NOT NULL,
    date_joined timestamp with time zone NOT NULL,
    name character varying(100) NOT NULL,
    email character varying(254) NOT NULL,
    phone character varying(15) NOT NULL,
    profile character varying(100),
    role character varying(10) NOT NULL
);


ALTER TABLE public.advocateshub_user OWNER TO postgres;

--
-- Name: advocateshub_user_groups; Type: TABLE; Schema: public; Owner: postgres
--

CREATE TABLE public.advocateshub_user_groups (
    id bigint NOT NULL,
    user_id bigint NOT NULL,
    group_id integer NOT NULL
);


ALTER TABLE public.advocateshub_user_groups OWNER TO postgres;

--
-- Name: advocateshub_user_groups_id_seq; Type: SEQUENCE; Schema: public; Owner: postgres
--

ALTER TABLE public.advocateshub_user_groups ALTER COLUMN id ADD GENERATED BY DEFAULT AS IDENTITY (
    SEQUENCE NAME public.advocateshub_user_groups_id_seq
    START WITH 1
    INCREMENT BY 1
    NO MINVALUE
    NO MAXVALUE
    CACHE 1
);


--
-- Name: advocateshub_user_id_seq; Type: SEQUENCE; Schema: public; Owner: postgres
--

ALTER TABLE public.advocateshub_user ALTER COLUMN id ADD GENERATED BY DEFAULT AS IDENTITY (
    SEQUENCE NAME public.advocateshub_user_id_seq
    START WITH 1
    INCREMENT BY 1
    NO MINVALUE
    NO MAXVALUE
    CACHE 1
);


--
-- Name: advocateshub_user_user_permissions; Type: TABLE; Schema: public; Owner: postgres
--

CREATE TABLE public.advocateshub_user_user_permissions (
    id bigint NOT NULL,
    user_id bigint NOT NULL,
    permission_id integer NOT NULL
);


ALTER TABLE public.advocateshub_user_user_permissions OWNER TO postgres;

--
-- Name: advocateshub_user_user_permissions_id_seq; Type: SEQUENCE; Schema: public; Owner: postgres
--

ALTER TABLE public.advocateshub_user_user_permissions ALTER COLUMN id ADD GENERATED BY DEFAULT AS IDENTITY (
    SEQUENCE NAME public.advocateshub_user_user_permissions_id_seq
    START WITH 1
    INCREMENT BY 1
    NO MINVALUE
    NO MAXVALUE
    CACHE 1
);


--
-- Name: auth_group; Type: TABLE; Schema: public; Owner: postgres
--

CREATE TABLE public.auth_group (
    id integer NOT NULL,
    name character varying(150) NOT NULL
);


ALTER TABLE public.auth_group OWNER TO postgres;

--
-- Name: auth_group_id_seq; Type: SEQUENCE; Schema: public; Owner: postgres
--

ALTER TABLE public.auth_group ALTER COLUMN id ADD GENERATED BY DEFAULT AS IDENTITY (
    SEQUENCE NAME public.auth_group_id_seq
    START WITH 1
    INCREMENT BY 1
    NO MINVALUE
    NO MAXVALUE
    CACHE 1
);


--
-- Name: auth_group_permissions; Type: TABLE; Schema: public; Owner: postgres
--

CREATE TABLE public.auth_group_permissions (
    id bigint NOT NULL,
    group_id integer NOT NULL,
    permission_id integer NOT NULL
);


ALTER TABLE public.auth_group_permissions OWNER TO postgres;

--
-- Name: auth_group_permissions_id_seq; Type: SEQUENCE; Schema: public; Owner: postgres
--

ALTER TABLE public.auth_group_permissions ALTER COLUMN id ADD GENERATED BY DEFAULT AS IDENTITY (
    SEQUENCE NAME public.auth_group_permissions_id_seq
    START WITH 1
    INCREMENT BY 1
    NO MINVALUE
    NO MAXVALUE
    CACHE 1
);


--
-- Name: auth_permission; Type: TABLE; Schema: public; Owner: postgres
--

CREATE TABLE public.auth_permission (
    id integer NOT NULL,
    name character varying(255) NOT NULL,
    content_type_id integer NOT NULL,
    codename character varying(100) NOT NULL
);


ALTER TABLE public.auth_permission OWNER TO postgres;

--
-- Name: auth_permission_id_seq; Type: SEQUENCE; Schema: public; Owner: postgres
--

ALTER TABLE public.auth_permission ALTER COLUMN id ADD GENERATED BY DEFAULT AS IDENTITY (
    SEQUENCE NAME public.auth_permission_id_seq
    START WITH 1
    INCREMENT BY 1
    NO MINVALUE
    NO MAXVALUE
    CACHE 1
);


--
-- Name: bookingapi_booking; Type: TABLE; Schema: public; Owner: postgres
--

CREATE TABLE public.bookingapi_booking (
    id bigint NOT NULL,
    scheduled_for timestamp with time zone NOT NULL,
    status character varying(20) NOT NULL,
    created_at timestamp with time zone NOT NULL,
    client_id bigint NOT NULL,
    lawyer_id bigint NOT NULL,
    duration integer,
    location character varying(255),
    mode character varying(20),
    seen_by_client boolean NOT NULL,
    seen_by_lawyer boolean NOT NULL,
    reschedule_reason text
);


ALTER TABLE public.bookingapi_booking OWNER TO postgres;

--
-- Name: bookingapi_booking_id_seq; Type: SEQUENCE; Schema: public; Owner: postgres
--

ALTER TABLE public.bookingapi_booking ALTER COLUMN id ADD GENERATED BY DEFAULT AS IDENTITY (
    SEQUENCE NAME public.bookingapi_booking_id_seq
    START WITH 1
    INCREMENT BY 1
    NO MINVALUE
    NO MAXVALUE
    CACHE 1
);


--
-- Name: chat_chatmessage; Type: TABLE; Schema: public; Owner: postgres
--

CREATE TABLE public.chat_chatmessage (
    id bigint NOT NULL,
    message text NOT NULL,
    "timestamp" timestamp with time zone NOT NULL,
    booking_id bigint NOT NULL,
    sender_id bigint NOT NULL
);


ALTER TABLE public.chat_chatmessage OWNER TO postgres;

--
-- Name: chat_chatmessage_id_seq; Type: SEQUENCE; Schema: public; Owner: postgres
--

ALTER TABLE public.chat_chatmessage ALTER COLUMN id ADD GENERATED BY DEFAULT AS IDENTITY (
    SEQUENCE NAME public.chat_chatmessage_id_seq
    START WITH 1
    INCREMENT BY 1
    NO MINVALUE
    NO MAXVALUE
    CACHE 1
);


--
-- Name: clientapi_client; Type: TABLE; Schema: public; Owner: postgres
--

CREATE TABLE public.clientapi_client (
    id bigint NOT NULL,
    language character varying(50) NOT NULL,
    dob date NOT NULL,
    user_id bigint NOT NULL
);


ALTER TABLE public.clientapi_client OWNER TO postgres;

--
-- Name: clientapi_client_id_seq; Type: SEQUENCE; Schema: public; Owner: postgres
--

ALTER TABLE public.clientapi_client ALTER COLUMN id ADD GENERATED BY DEFAULT AS IDENTITY (
    SEQUENCE NAME public.clientapi_client_id_seq
    START WITH 1
    INCREMENT BY 1
    NO MINVALUE
    NO MAXVALUE
    CACHE 1
);


--
-- Name: django_admin_log; Type: TABLE; Schema: public; Owner: postgres
--

CREATE TABLE public.django_admin_log (
    id integer NOT NULL,
    action_time timestamp with time zone NOT NULL,
    object_id text,
    object_repr character varying(200) NOT NULL,
    action_flag smallint NOT NULL,
    change_message text NOT NULL,
    content_type_id integer,
    user_id bigint NOT NULL,
    CONSTRAINT django_admin_log_action_flag_check CHECK ((action_flag >= 0))
);


ALTER TABLE public.django_admin_log OWNER TO postgres;

--
-- Name: django_admin_log_id_seq; Type: SEQUENCE; Schema: public; Owner: postgres
--

ALTER TABLE public.django_admin_log ALTER COLUMN id ADD GENERATED BY DEFAULT AS IDENTITY (
    SEQUENCE NAME public.django_admin_log_id_seq
    START WITH 1
    INCREMENT BY 1
    NO MINVALUE
    NO MAXVALUE
    CACHE 1
);


--
-- Name: django_content_type; Type: TABLE; Schema: public; Owner: postgres
--

CREATE TABLE public.django_content_type (
    id integer NOT NULL,
    app_label character varying(100) NOT NULL,
    model character varying(100) NOT NULL
);


ALTER TABLE public.django_content_type OWNER TO postgres;

--
-- Name: django_content_type_id_seq; Type: SEQUENCE; Schema: public; Owner: postgres
--

ALTER TABLE public.django_content_type ALTER COLUMN id ADD GENERATED BY DEFAULT AS IDENTITY (
    SEQUENCE NAME public.django_content_type_id_seq
    START WITH 1
    INCREMENT BY 1
    NO MINVALUE
    NO MAXVALUE
    CACHE 1
);


--
-- Name: django_migrations; Type: TABLE; Schema: public; Owner: postgres
--

CREATE TABLE public.django_migrations (
    id bigint NOT NULL,
    app character varying(255) NOT NULL,
    name character varying(255) NOT NULL,
    applied timestamp with time zone NOT NULL
);


ALTER TABLE public.django_migrations OWNER TO postgres;

--
-- Name: django_migrations_id_seq; Type: SEQUENCE; Schema: public; Owner: postgres
--

ALTER TABLE public.django_migrations ALTER COLUMN id ADD GENERATED BY DEFAULT AS IDENTITY (
    SEQUENCE NAME public.django_migrations_id_seq
    START WITH 1
    INCREMENT BY 1
    NO MINVALUE
    NO MAXVALUE
    CACHE 1
);


--
-- Name: django_session; Type: TABLE; Schema: public; Owner: postgres
--

CREATE TABLE public.django_session (
    session_key character varying(40) NOT NULL,
    session_data text NOT NULL,
    expire_date timestamp with time zone NOT NULL
);


ALTER TABLE public.django_session OWNER TO postgres;

--
-- Name: lawyerapi_lawyer; Type: TABLE; Schema: public; Owner: postgres
--

CREATE TABLE public.lawyerapi_lawyer (
    id bigint NOT NULL,
    cnic character varying(20) NOT NULL,
    education character varying(100) NOT NULL,
    degree character varying(100),
    aadhar character varying(100),
    pan character varying(100),
    bar character varying(100),
    location character varying(100) NOT NULL,
    court_level character varying(50) NOT NULL,
    case_types character varying(200) NOT NULL,
    experience character varying(50) NOT NULL,
    availability character varying(200) NOT NULL,
    price numeric(10,2) NOT NULL,
    profile_status character varying(20) NOT NULL,
    user_id bigint NOT NULL,
    available_slots jsonb NOT NULL,
    languages character varying(255),
    average_rating numeric(3,2) NOT NULL,
    review_count integer NOT NULL
);


ALTER TABLE public.lawyerapi_lawyer OWNER TO postgres;

--
-- Name: lawyerapi_lawyer_id_seq; Type: SEQUENCE; Schema: public; Owner: postgres
--

ALTER TABLE public.lawyerapi_lawyer ALTER COLUMN id ADD GENERATED BY DEFAULT AS IDENTITY (
    SEQUENCE NAME public.lawyerapi_lawyer_id_seq
    START WITH 1
    INCREMENT BY 1
    NO MINVALUE
    NO MAXVALUE
    CACHE 1
);


--
-- Name: reviews_review; Type: TABLE; Schema: public; Owner: postgres
--

CREATE TABLE public.reviews_review (
    id bigint NOT NULL,
    rating integer NOT NULL,
    feedback text,
    created_at timestamp with time zone NOT NULL,
    lawyer_id bigint NOT NULL,
    user_id bigint NOT NULL
);


ALTER TABLE public.reviews_review OWNER TO postgres;

--
-- Name: reviews_review_id_seq; Type: SEQUENCE; Schema: public; Owner: postgres
--

ALTER TABLE public.reviews_review ALTER COLUMN id ADD GENERATED BY DEFAULT AS IDENTITY (
    SEQUENCE NAME public.reviews_review_id_seq
    START WITH 1
    INCREMENT BY 1
    NO MINVALUE
    NO MAXVALUE
    CACHE 1
);


--
-- Name: reviews_reviewreply; Type: TABLE; Schema: public; Owner: postgres
--

CREATE TABLE public.reviews_reviewreply (
    id bigint NOT NULL,
    reply_text text NOT NULL,
    created_at timestamp with time zone NOT NULL,
    lawyer_id bigint NOT NULL,
    review_id bigint NOT NULL
);


ALTER TABLE public.reviews_reviewreply OWNER TO postgres;

--
-- Name: reviews_reviewreply_id_seq; Type: SEQUENCE; Schema: public; Owner: postgres
--

ALTER TABLE public.reviews_reviewreply ALTER COLUMN id ADD GENERATED BY DEFAULT AS IDENTITY (
    SEQUENCE NAME public.reviews_reviewreply_id_seq
    START WITH 1
    INCREMENT BY 1
    NO MINVALUE
    NO MAXVALUE
    CACHE 1
);


--
-- Name: videosession_videosession; Type: TABLE; Schema: public; Owner: postgres
--

CREATE TABLE public.videosession_videosession (
    id bigint NOT NULL,
    started_at timestamp with time zone NOT NULL,
    ended_at timestamp with time zone,
    is_active boolean NOT NULL,
    booking_id bigint NOT NULL
);


ALTER TABLE public.videosession_videosession OWNER TO postgres;

--
-- Name: videosession_videosession_id_seq; Type: SEQUENCE; Schema: public; Owner: postgres
--

ALTER TABLE public.videosession_videosession ALTER COLUMN id ADD GENERATED BY DEFAULT AS IDENTITY (
    SEQUENCE NAME public.videosession_videosession_id_seq
    START WITH 1
    INCREMENT BY 1
    NO MINVALUE
    NO MAXVALUE
    CACHE 1
);


--
-- Name: videosession_videosession_participants; Type: TABLE; Schema: public; Owner: postgres
--

CREATE TABLE public.videosession_videosession_participants (
    id bigint NOT NULL,
    videosession_id bigint NOT NULL,
    user_id bigint NOT NULL
);


ALTER TABLE public.videosession_videosession_participants OWNER TO postgres;

--
-- Name: videosession_videosession_participants_id_seq; Type: SEQUENCE; Schema: public; Owner: postgres
--

ALTER TABLE public.videosession_videosession_participants ALTER COLUMN id ADD GENERATED BY DEFAULT AS IDENTITY (
    SEQUENCE NAME public.videosession_videosession_participants_id_seq
    START WITH 1
    INCREMENT BY 1
    NO MINVALUE
    NO MAXVALUE
    CACHE 1
);


--
-- Name: website_feedback_websitefeedback; Type: TABLE; Schema: public; Owner: postgres
--

CREATE TABLE public.website_feedback_websitefeedback (
    id bigint NOT NULL,
    rating integer,
    feedback_text text NOT NULL,
    created_at timestamp with time zone NOT NULL,
    user_id bigint NOT NULL
);


ALTER TABLE public.website_feedback_websitefeedback OWNER TO postgres;

--
-- Name: website_feedback_websitefeedback_id_seq; Type: SEQUENCE; Schema: public; Owner: postgres
--

ALTER TABLE public.website_feedback_websitefeedback ALTER COLUMN id ADD GENERATED BY DEFAULT AS IDENTITY (
    SEQUENCE NAME public.website_feedback_websitefeedback_id_seq
    START WITH 1
    INCREMENT BY 1
    NO MINVALUE
    NO MAXVALUE
    CACHE 1
);


--
-- Name: website_feedback_websitefeedbackreply; Type: TABLE; Schema: public; Owner: postgres
--

CREATE TABLE public.website_feedback_websitefeedbackreply (
    id bigint NOT NULL,
    reply_text text NOT NULL,
    created_at timestamp with time zone NOT NULL,
    feedback_id bigint NOT NULL,
    responder_id bigint NOT NULL
);


ALTER TABLE public.website_feedback_websitefeedbackreply OWNER TO postgres;

--
-- Name: website_feedback_websitefeedbackreply_id_seq; Type: SEQUENCE; Schema: public; Owner: postgres
--

ALTER TABLE public.website_feedback_websitefeedbackreply ALTER COLUMN id ADD GENERATED BY DEFAULT AS IDENTITY (
    SEQUENCE NAME public.website_feedback_websitefeedbackreply_id_seq
    START WITH 1
    INCREMENT BY 1
    NO MINVALUE
    NO MAXVALUE
    CACHE 1
);


--
-- Data for Name: advocateshub_user; Type: TABLE DATA; Schema: public; Owner: postgres
--

COPY public.advocateshub_user (id, password, last_login, is_superuser, username, first_name, last_name, is_staff, is_active, date_joined, name, email, phone, profile, role) FROM stdin;
1	pbkdf2_sha256$870000$YS9siT1KVZpOXyTs6MTEYz$oVKwNbQAfIKmO1k6ROBftuzOlCan3dISPGXFm2Ptuz4=	\N	f	abc@gmail.com			f	t	2025-07-03 00:40:21.797571+05:30	abc	abc@gmail.com	345643213	profiles/5_sem.jpg	lawyer
5	pbkdf2_sha256$1000000$qmZQ4GBI14SIuo6vy1D1w0$XkP0qhHZM+hd8DQwGP0nMDPi3M0EQ6Yel8tETaG5F8M=	\N	f	sakshi@gmail.com			f	t	2025-07-05 20:07:40.783992+05:30	sakshi	sakshi@gmail.com	5675432123	profiles/5_sem.jpg	lawyer
9	pbkdf2_sha256$1000000$x0c9uxvHLfl60PEwaMO7e4$AZhmUWcUojwJWOLcewOxoB3AHrv/yfN365qlgYdSNbE=	\N	f	samay@gmail.con			f	t	2025-07-08 07:36:49.476419+05:30	Samay	samay@gmail.con	6542356784	profiles/avatarImage.jpg	lawyer
15	pbkdf2_sha256$1000000$S6PlnBHh0glwPueBm7nOn6$p4lZSaBV7m/7iEEBhcknNTbi4/9mi0oqhRtdOoqqJ3g=	\N	f	rajiv@gmail.com			f	t	2025-07-08 07:40:44.02989+05:30	rajiv	rajiv@gmail.com	6786532465	profiles/aman_photo.jpg	lawyer
4	pbkdf2_sha256$1000000$KmdeyVNS4u4E5VLo9qh64d$4C1aZzaf0xuaIVPX9Ygdh62TtsKTI1/wz8lXtzL1g0E=	\N	t	admin			t	t	2025-07-04 20:11:53.614313+05:30	Sakshi	sakshisingla2803@gmail.com	9899543745		admin
20	pbkdf2_sha256$1000000$wm93cToxlESn2ATwBR4TbE$Mbm2rwAx4KbaPMqZbHnaFp5XEN8IzpY4NAKntNaWvxo=	\N	f	sakshi12@gmail.com			f	t	2025-07-31 00:04:22.594677+05:30	sakshi	sakshi12@gmail.com	4345674324	profiles/sakshi_photo.png	lawyer
21	pbkdf2_sha256$1000000$ne2Ftfh4pxxPfV7zRQbJCT$imoH58Rb0JKoZbIxUFmgzikgUE/ik/JWR9TA8URreCM=	\N	f	pqr@gmail.com			f	t	2025-08-11 12:46:16.826696+05:30	abc	pqr@gmail.com	4578647843	profiles/img_FTaQCrv.jpg	client
27	pbkdf2_sha256$1000000$4sMxE5W5PWZGBsTibhA36H$UQpea0b8lxvGvwgSvbL1BpowwEZftJmtedgSz4xNjSg=	\N	f	sakshisingla@gmail.com			f	t	2025-08-11 12:49:56.448534+05:30	sakshi	sakshisingla@gmail.com	4345674324	profiles/mee.jpg	lawyer
\.


--
-- Data for Name: advocateshub_user_groups; Type: TABLE DATA; Schema: public; Owner: postgres
--

COPY public.advocateshub_user_groups (id, user_id, group_id) FROM stdin;
\.


--
-- Data for Name: advocateshub_user_user_permissions; Type: TABLE DATA; Schema: public; Owner: postgres
--

COPY public.advocateshub_user_user_permissions (id, user_id, permission_id) FROM stdin;
\.


--
-- Data for Name: auth_group; Type: TABLE DATA; Schema: public; Owner: postgres
--

COPY public.auth_group (id, name) FROM stdin;
\.


--
-- Data for Name: auth_group_permissions; Type: TABLE DATA; Schema: public; Owner: postgres
--

COPY public.auth_group_permissions (id, group_id, permission_id) FROM stdin;
\.


--
-- Data for Name: auth_permission; Type: TABLE DATA; Schema: public; Owner: postgres
--

COPY public.auth_permission (id, name, content_type_id, codename) FROM stdin;
1	Can add log entry	1	add_logentry
2	Can change log entry	1	change_logentry
3	Can delete log entry	1	delete_logentry
4	Can view log entry	1	view_logentry
5	Can add permission	2	add_permission
6	Can change permission	2	change_permission
7	Can delete permission	2	delete_permission
8	Can view permission	2	view_permission
9	Can add group	3	add_group
10	Can change group	3	change_group
11	Can delete group	3	delete_group
12	Can view group	3	view_group
13	Can add content type	4	add_contenttype
14	Can change content type	4	change_contenttype
15	Can delete content type	4	delete_contenttype
16	Can view content type	4	view_contenttype
17	Can add session	5	add_session
18	Can change session	5	change_session
19	Can delete session	5	delete_session
20	Can view session	5	view_session
21	Can add client	6	add_client
22	Can change client	6	change_client
23	Can delete client	6	delete_client
24	Can view client	6	view_client
25	Can add user	7	add_user
26	Can change user	7	change_user
27	Can delete user	7	delete_user
28	Can view user	7	view_user
29	Can add lawyer	8	add_lawyer
30	Can change lawyer	8	change_lawyer
31	Can delete lawyer	8	delete_lawyer
32	Can view lawyer	8	view_lawyer
33	Can add booking	9	add_booking
34	Can change booking	9	change_booking
35	Can delete booking	9	delete_booking
36	Can view booking	9	view_booking
37	Can add chat message	10	add_chatmessage
38	Can change chat message	10	change_chatmessage
39	Can delete chat message	10	delete_chatmessage
40	Can view chat message	10	view_chatmessage
41	Can add Lawyer Review	11	add_review
42	Can change Lawyer Review	11	change_review
43	Can delete Lawyer Review	11	delete_review
44	Can view Lawyer Review	11	view_review
45	Can add Review Reply	12	add_reviewreply
46	Can change Review Reply	12	change_reviewreply
47	Can delete Review Reply	12	delete_reviewreply
48	Can view Review Reply	12	view_reviewreply
49	Can add Website Feedback	13	add_websitefeedback
50	Can change Website Feedback	13	change_websitefeedback
51	Can delete Website Feedback	13	delete_websitefeedback
52	Can view Website Feedback	13	view_websitefeedback
53	Can add Website Feedback Reply	14	add_websitefeedbackreply
54	Can change Website Feedback Reply	14	change_websitefeedbackreply
55	Can delete Website Feedback Reply	14	delete_websitefeedbackreply
56	Can view Website Feedback Reply	14	view_websitefeedbackreply
57	Can add video session	15	add_videosession
58	Can change video session	15	change_videosession
59	Can delete video session	15	delete_videosession
60	Can view video session	15	view_videosession
\.


--
-- Data for Name: bookingapi_booking; Type: TABLE DATA; Schema: public; Owner: postgres
--

COPY public.bookingapi_booking (id, scheduled_for, status, created_at, client_id, lawyer_id, duration, location, mode, seen_by_client, seen_by_lawyer, reschedule_reason) FROM stdin;
\.


--
-- Data for Name: chat_chatmessage; Type: TABLE DATA; Schema: public; Owner: postgres
--

COPY public.chat_chatmessage (id, message, "timestamp", booking_id, sender_id) FROM stdin;
\.


--
-- Data for Name: clientapi_client; Type: TABLE DATA; Schema: public; Owner: postgres
--

COPY public.clientapi_client (id, language, dob, user_id) FROM stdin;
1	english	2003-12-28	21
\.


--
-- Data for Name: django_admin_log; Type: TABLE DATA; Schema: public; Owner: postgres
--

COPY public.django_admin_log (id, action_time, object_id, object_repr, action_flag, change_message, content_type_id, user_id) FROM stdin;
\.


--
-- Data for Name: django_content_type; Type: TABLE DATA; Schema: public; Owner: postgres
--

COPY public.django_content_type (id, app_label, model) FROM stdin;
1	admin	logentry
2	auth	permission
3	auth	group
4	contenttypes	contenttype
5	sessions	session
6	clientapi	client
7	advocateshub	user
8	lawyerapi	lawyer
9	bookingapi	booking
10	chat	chatmessage
11	reviews	review
12	reviews	reviewreply
13	website_feedback	websitefeedback
14	website_feedback	websitefeedbackreply
15	videosession	videosession
\.


--
-- Data for Name: django_migrations; Type: TABLE DATA; Schema: public; Owner: postgres
--

COPY public.django_migrations (id, app, name, applied) FROM stdin;
1	contenttypes	0001_initial	2025-07-03 00:37:40.40156+05:30
2	contenttypes	0002_remove_content_type_name	2025-07-03 00:37:40.466193+05:30
3	auth	0001_initial	2025-07-03 00:37:40.687584+05:30
4	auth	0002_alter_permission_name_max_length	2025-07-03 00:37:40.705638+05:30
5	auth	0003_alter_user_email_max_length	2025-07-03 00:37:40.723355+05:30
6	auth	0004_alter_user_username_opts	2025-07-03 00:37:40.749524+05:30
7	auth	0005_alter_user_last_login_null	2025-07-03 00:37:40.771686+05:30
8	auth	0006_require_contenttypes_0002	2025-07-03 00:37:40.79134+05:30
9	auth	0007_alter_validators_add_error_messages	2025-07-03 00:37:40.823522+05:30
10	auth	0008_alter_user_username_max_length	2025-07-03 00:37:40.882421+05:30
11	auth	0009_alter_user_last_name_max_length	2025-07-03 00:37:40.936932+05:30
12	auth	0010_alter_group_name_max_length	2025-07-03 00:37:41.025597+05:30
13	auth	0011_update_proxy_permissions	2025-07-03 00:37:41.048598+05:30
14	auth	0012_alter_user_first_name_max_length	2025-07-03 00:37:41.102977+05:30
15	advocateshub	0001_initial	2025-07-03 00:37:41.347483+05:30
16	admin	0001_initial	2025-07-03 00:37:41.462128+05:30
17	admin	0002_logentry_remove_auto_add	2025-07-03 00:37:41.491573+05:30
18	admin	0003_logentry_add_action_flag_choices	2025-07-03 00:37:41.534347+05:30
19	advocateshub	0002_alter_user_role	2025-07-03 00:37:41.576353+05:30
20	lawyerapi	0001_initial	2025-07-03 00:37:41.692526+05:30
21	lawyerapi	0002_alter_lawyer_profile_status	2025-07-03 00:37:41.730055+05:30
22	lawyerapi	0003_lawyer_available_slots_alter_lawyer_profile_status	2025-07-03 00:37:42.188699+05:30
23	clientapi	0001_initial	2025-07-03 00:37:42.312186+05:30
24	bookingapi	0001_initial	2025-07-03 00:37:42.52946+05:30
25	bookingapi	0002_booking_duration_booking_location_booking_mode	2025-07-03 00:37:42.637372+05:30
26	bookingapi	0003_booking_seen_by_client_booking_seen_by_lawyer_and_more	2025-07-03 00:37:43.119137+05:30
27	bookingapi	0004_booking_reschedule_reason	2025-07-03 00:37:43.276923+05:30
28	chat	0001_initial	2025-07-03 00:37:43.538325+05:30
29	lawyerapi	0004_lawyer_languages	2025-07-03 00:37:43.612171+05:30
30	sessions	0001_initial	2025-07-03 00:37:43.712879+05:30
31	lawyerapi	0002_lawyer_average_rating_lawyer_review_count	2025-07-30 23:45:37.689504+05:30
32	reviews	0001_initial	2025-07-30 23:45:38.115331+05:30
33	videosession	0001_initial	2025-07-30 23:45:38.326437+05:30
34	website_feedback	0001_initial	2025-07-30 23:45:38.462114+05:30
35	website_feedback	0002_websitefeedbackreply	2025-07-30 23:45:38.640357+05:30
\.


--
-- Data for Name: django_session; Type: TABLE DATA; Schema: public; Owner: postgres
--

COPY public.django_session (session_key, session_data, expire_date) FROM stdin;
\.


--
-- Data for Name: lawyerapi_lawyer; Type: TABLE DATA; Schema: public; Owner: postgres
--

COPY public.lawyerapi_lawyer (id, cnic, education, degree, aadhar, pan, bar, location, court_level, case_types, experience, availability, price, profile_status, user_id, available_slots, languages, average_rating, review_count) FROM stdin;
1	345	dfghgfds	kyc/degree/5_sem.jpg	kyc/aadhar/5_sem.jpg	kyc/pan/5_sem.jpg	kyc/bar/5_sem.jpg	xcvbnb	District court	fgdsf	12	ew3452	23432.00	approved	1	{}	Hindi	0.00	0
4	56	law	kyc/degree/5_sem_iH1LRo4.jpg	kyc/aadhar/5_sem_Q93EPPM.jpg	kyc/pan/5_sem_xtSlJ8r.jpg	kyc/bar/5_sem_NAHlCVu.jpg	noida	High court	property	7	2-6	1000.00	pending	15	{}	english, hindi	0.00	0
3	457	LLB	kyc/degree/5_sem_jI8kfPI.jpg	kyc/aadhar/5_sem_gTnHtwt.jpg	kyc/pan/5_sem_h2cibBN.jpg	kyc/bar/5_sem_Q3DGRlD.jpg	Delhi	Supreme court	divorce	5	5-8	500.00	approved	9	{}	english	0.00	0
2	345	fghg	kyc/degree/5_sem.jpg	kyc/aadhar/5_sem.jpg	kyc/pan/5_sem.jpg	kyc/bar/5_sem.jpg	sdfghgs	Supreme court	hgfcxgnh	5	snsdfgh	1675354.00	rejected	5	{}	Hindi	0.00	0
5	235	llb	kyc/degree/gssoc.jpg	kyc/aadhar/gssoc.jpg	kyc/pan/gssoc.jpg	kyc/bar/gssoc.jpg	delhi	High court	domestic	5	4-7 pm	1000.00	pending	20	{}	Hindi, English	0.00	0
6	235	llb	kyc/degree/5_sem_PbggnvA.jpg	kyc/aadhar/5_sem_3oVw7hR.jpg	kyc/pan/5_sem_9ttGX6y.jpg	kyc/bar/5_sem_J97NFLq.jpg	delhi	District court	domestic	5	4-7 pm	1000.00	pending	27	{}	Hindi	0.00	0
\.


--
-- Data for Name: reviews_review; Type: TABLE DATA; Schema: public; Owner: postgres
--

COPY public.reviews_review (id, rating, feedback, created_at, lawyer_id, user_id) FROM stdin;
\.


--
-- Data for Name: reviews_reviewreply; Type: TABLE DATA; Schema: public; Owner: postgres
--

COPY public.reviews_reviewreply (id, reply_text, created_at, lawyer_id, review_id) FROM stdin;
\.


--
-- Data for Name: videosession_videosession; Type: TABLE DATA; Schema: public; Owner: postgres
--

COPY public.videosession_videosession (id, started_at, ended_at, is_active, booking_id) FROM stdin;
\.


--
-- Data for Name: videosession_videosession_participants; Type: TABLE DATA; Schema: public; Owner: postgres
--

COPY public.videosession_videosession_participants (id, videosession_id, user_id) FROM stdin;
\.


--
-- Data for Name: website_feedback_websitefeedback; Type: TABLE DATA; Schema: public; Owner: postgres
--

COPY public.website_feedback_websitefeedback (id, rating, feedback_text, created_at, user_id) FROM stdin;
\.


--
-- Data for Name: website_feedback_websitefeedbackreply; Type: TABLE DATA; Schema: public; Owner: postgres
--

COPY public.website_feedback_websitefeedbackreply (id, reply_text, created_at, feedback_id, responder_id) FROM stdin;
\.


--
-- Name: advocateshub_user_groups_id_seq; Type: SEQUENCE SET; Schema: public; Owner: postgres
--

SELECT pg_catalog.setval('public.advocateshub_user_groups_id_seq', 1, false);


--
-- Name: advocateshub_user_id_seq; Type: SEQUENCE SET; Schema: public; Owner: postgres
--

SELECT pg_catalog.setval('public.advocateshub_user_id_seq', 27, true);


--
-- Name: advocateshub_user_user_permissions_id_seq; Type: SEQUENCE SET; Schema: public; Owner: postgres
--

SELECT pg_catalog.setval('public.advocateshub_user_user_permissions_id_seq', 1, false);


--
-- Name: auth_group_id_seq; Type: SEQUENCE SET; Schema: public; Owner: postgres
--

SELECT pg_catalog.setval('public.auth_group_id_seq', 1, false);


--
-- Name: auth_group_permissions_id_seq; Type: SEQUENCE SET; Schema: public; Owner: postgres
--

SELECT pg_catalog.setval('public.auth_group_permissions_id_seq', 1, false);


--
-- Name: auth_permission_id_seq; Type: SEQUENCE SET; Schema: public; Owner: postgres
--

SELECT pg_catalog.setval('public.auth_permission_id_seq', 60, true);


--
-- Name: bookingapi_booking_id_seq; Type: SEQUENCE SET; Schema: public; Owner: postgres
--

SELECT pg_catalog.setval('public.bookingapi_booking_id_seq', 1, false);


--
-- Name: chat_chatmessage_id_seq; Type: SEQUENCE SET; Schema: public; Owner: postgres
--

SELECT pg_catalog.setval('public.chat_chatmessage_id_seq', 1, false);


--
-- Name: clientapi_client_id_seq; Type: SEQUENCE SET; Schema: public; Owner: postgres
--

SELECT pg_catalog.setval('public.clientapi_client_id_seq', 1, true);


--
-- Name: django_admin_log_id_seq; Type: SEQUENCE SET; Schema: public; Owner: postgres
--

SELECT pg_catalog.setval('public.django_admin_log_id_seq', 1, false);


--
-- Name: django_content_type_id_seq; Type: SEQUENCE SET; Schema: public; Owner: postgres
--

SELECT pg_catalog.setval('public.django_content_type_id_seq', 15, true);


--
-- Name: django_migrations_id_seq; Type: SEQUENCE SET; Schema: public; Owner: postgres
--

SELECT pg_catalog.setval('public.django_migrations_id_seq', 35, true);


--
-- Name: lawyerapi_lawyer_id_seq; Type: SEQUENCE SET; Schema: public; Owner: postgres
--

SELECT pg_catalog.setval('public.lawyerapi_lawyer_id_seq', 6, true);


--
-- Name: reviews_review_id_seq; Type: SEQUENCE SET; Schema: public; Owner: postgres
--

SELECT pg_catalog.setval('public.reviews_review_id_seq', 1, false);


--
-- Name: reviews_reviewreply_id_seq; Type: SEQUENCE SET; Schema: public; Owner: postgres
--

SELECT pg_catalog.setval('public.reviews_reviewreply_id_seq', 1, false);


--
-- Name: videosession_videosession_id_seq; Type: SEQUENCE SET; Schema: public; Owner: postgres
--

SELECT pg_catalog.setval('public.videosession_videosession_id_seq', 1, false);


--
-- Name: videosession_videosession_participants_id_seq; Type: SEQUENCE SET; Schema: public; Owner: postgres
--

SELECT pg_catalog.setval('public.videosession_videosession_participants_id_seq', 1, false);


--
-- Name: website_feedback_websitefeedback_id_seq; Type: SEQUENCE SET; Schema: public; Owner: postgres
--

SELECT pg_catalog.setval('public.website_feedback_websitefeedback_id_seq', 1, false);


--
-- Name: website_feedback_websitefeedbackreply_id_seq; Type: SEQUENCE SET; Schema: public; Owner: postgres
--

SELECT pg_catalog.setval('public.website_feedback_websitefeedbackreply_id_seq', 1, false);


--
-- Name: advocateshub_user advocateshub_user_email_key; Type: CONSTRAINT; Schema: public; Owner: postgres
--

ALTER TABLE ONLY public.advocateshub_user
    ADD CONSTRAINT advocateshub_user_email_key UNIQUE (email);


--
-- Name: advocateshub_user_groups advocateshub_user_groups_pkey; Type: CONSTRAINT; Schema: public; Owner: postgres
--

ALTER TABLE ONLY public.advocateshub_user_groups
    ADD CONSTRAINT advocateshub_user_groups_pkey PRIMARY KEY (id);


--
-- Name: advocateshub_user_groups advocateshub_user_groups_user_id_group_id_4de64bd7_uniq; Type: CONSTRAINT; Schema: public; Owner: postgres
--

ALTER TABLE ONLY public.advocateshub_user_groups
    ADD CONSTRAINT advocateshub_user_groups_user_id_group_id_4de64bd7_uniq UNIQUE (user_id, group_id);


--
-- Name: advocateshub_user advocateshub_user_pkey; Type: CONSTRAINT; Schema: public; Owner: postgres
--

ALTER TABLE ONLY public.advocateshub_user
    ADD CONSTRAINT advocateshub_user_pkey PRIMARY KEY (id);


--
-- Name: advocateshub_user_user_permissions advocateshub_user_user_p_user_id_permission_id_ffd67a55_uniq; Type: CONSTRAINT; Schema: public; Owner: postgres
--

ALTER TABLE ONLY public.advocateshub_user_user_permissions
    ADD CONSTRAINT advocateshub_user_user_p_user_id_permission_id_ffd67a55_uniq UNIQUE (user_id, permission_id);


--
-- Name: advocateshub_user_user_permissions advocateshub_user_user_permissions_pkey; Type: CONSTRAINT; Schema: public; Owner: postgres
--

ALTER TABLE ONLY public.advocateshub_user_user_permissions
    ADD CONSTRAINT advocateshub_user_user_permissions_pkey PRIMARY KEY (id);


--
-- Name: advocateshub_user advocateshub_user_username_key; Type: CONSTRAINT; Schema: public; Owner: postgres
--

ALTER TABLE ONLY public.advocateshub_user
    ADD CONSTRAINT advocateshub_user_username_key UNIQUE (username);


--
-- Name: auth_group auth_group_name_key; Type: CONSTRAINT; Schema: public; Owner: postgres
--

ALTER TABLE ONLY public.auth_group
    ADD CONSTRAINT auth_group_name_key UNIQUE (name);


--
-- Name: auth_group_permissions auth_group_permissions_group_id_permission_id_0cd325b0_uniq; Type: CONSTRAINT; Schema: public; Owner: postgres
--

ALTER TABLE ONLY public.auth_group_permissions
    ADD CONSTRAINT auth_group_permissions_group_id_permission_id_0cd325b0_uniq UNIQUE (group_id, permission_id);


--
-- Name: auth_group_permissions auth_group_permissions_pkey; Type: CONSTRAINT; Schema: public; Owner: postgres
--

ALTER TABLE ONLY public.auth_group_permissions
    ADD CONSTRAINT auth_group_permissions_pkey PRIMARY KEY (id);


--
-- Name: auth_group auth_group_pkey; Type: CONSTRAINT; Schema: public; Owner: postgres
--

ALTER TABLE ONLY public.auth_group
    ADD CONSTRAINT auth_group_pkey PRIMARY KEY (id);


--
-- Name: auth_permission auth_permission_content_type_id_codename_01ab375a_uniq; Type: CONSTRAINT; Schema: public; Owner: postgres
--

ALTER TABLE ONLY public.auth_permission
    ADD CONSTRAINT auth_permission_content_type_id_codename_01ab375a_uniq UNIQUE (content_type_id, codename);


--
-- Name: auth_permission auth_permission_pkey; Type: CONSTRAINT; Schema: public; Owner: postgres
--

ALTER TABLE ONLY public.auth_permission
    ADD CONSTRAINT auth_permission_pkey PRIMARY KEY (id);


--
-- Name: bookingapi_booking bookingapi_booking_pkey; Type: CONSTRAINT; Schema: public; Owner: postgres
--

ALTER TABLE ONLY public.bookingapi_booking
    ADD CONSTRAINT bookingapi_booking_pkey PRIMARY KEY (id);


--
-- Name: chat_chatmessage chat_chatmessage_pkey; Type: CONSTRAINT; Schema: public; Owner: postgres
--

ALTER TABLE ONLY public.chat_chatmessage
    ADD CONSTRAINT chat_chatmessage_pkey PRIMARY KEY (id);


--
-- Name: clientapi_client clientapi_client_pkey; Type: CONSTRAINT; Schema: public; Owner: postgres
--

ALTER TABLE ONLY public.clientapi_client
    ADD CONSTRAINT clientapi_client_pkey PRIMARY KEY (id);


--
-- Name: clientapi_client clientapi_client_user_id_key; Type: CONSTRAINT; Schema: public; Owner: postgres
--

ALTER TABLE ONLY public.clientapi_client
    ADD CONSTRAINT clientapi_client_user_id_key UNIQUE (user_id);


--
-- Name: django_admin_log django_admin_log_pkey; Type: CONSTRAINT; Schema: public; Owner: postgres
--

ALTER TABLE ONLY public.django_admin_log
    ADD CONSTRAINT django_admin_log_pkey PRIMARY KEY (id);


--
-- Name: django_content_type django_content_type_app_label_model_76bd3d3b_uniq; Type: CONSTRAINT; Schema: public; Owner: postgres
--

ALTER TABLE ONLY public.django_content_type
    ADD CONSTRAINT django_content_type_app_label_model_76bd3d3b_uniq UNIQUE (app_label, model);


--
-- Name: django_content_type django_content_type_pkey; Type: CONSTRAINT; Schema: public; Owner: postgres
--

ALTER TABLE ONLY public.django_content_type
    ADD CONSTRAINT django_content_type_pkey PRIMARY KEY (id);


--
-- Name: django_migrations django_migrations_pkey; Type: CONSTRAINT; Schema: public; Owner: postgres
--

ALTER TABLE ONLY public.django_migrations
    ADD CONSTRAINT django_migrations_pkey PRIMARY KEY (id);


--
-- Name: django_session django_session_pkey; Type: CONSTRAINT; Schema: public; Owner: postgres
--

ALTER TABLE ONLY public.django_session
    ADD CONSTRAINT django_session_pkey PRIMARY KEY (session_key);


--
-- Name: lawyerapi_lawyer lawyerapi_lawyer_pkey; Type: CONSTRAINT; Schema: public; Owner: postgres
--

ALTER TABLE ONLY public.lawyerapi_lawyer
    ADD CONSTRAINT lawyerapi_lawyer_pkey PRIMARY KEY (id);


--
-- Name: lawyerapi_lawyer lawyerapi_lawyer_user_id_key; Type: CONSTRAINT; Schema: public; Owner: postgres
--

ALTER TABLE ONLY public.lawyerapi_lawyer
    ADD CONSTRAINT lawyerapi_lawyer_user_id_key UNIQUE (user_id);


--
-- Name: reviews_review reviews_review_pkey; Type: CONSTRAINT; Schema: public; Owner: postgres
--

ALTER TABLE ONLY public.reviews_review
    ADD CONSTRAINT reviews_review_pkey PRIMARY KEY (id);


--
-- Name: reviews_review reviews_review_user_id_lawyer_id_b7f09dd4_uniq; Type: CONSTRAINT; Schema: public; Owner: postgres
--

ALTER TABLE ONLY public.reviews_review
    ADD CONSTRAINT reviews_review_user_id_lawyer_id_b7f09dd4_uniq UNIQUE (user_id, lawyer_id);


--
-- Name: reviews_reviewreply reviews_reviewreply_pkey; Type: CONSTRAINT; Schema: public; Owner: postgres
--

ALTER TABLE ONLY public.reviews_reviewreply
    ADD CONSTRAINT reviews_reviewreply_pkey PRIMARY KEY (id);


--
-- Name: reviews_reviewreply reviews_reviewreply_review_id_key; Type: CONSTRAINT; Schema: public; Owner: postgres
--

ALTER TABLE ONLY public.reviews_reviewreply
    ADD CONSTRAINT reviews_reviewreply_review_id_key UNIQUE (review_id);


--
-- Name: videosession_videosession_participants videosession_videosessio_videosession_id_user_id_762dd5ab_uniq; Type: CONSTRAINT; Schema: public; Owner: postgres
--

ALTER TABLE ONLY public.videosession_videosession_participants
    ADD CONSTRAINT videosession_videosessio_videosession_id_user_id_762dd5ab_uniq UNIQUE (videosession_id, user_id);


--
-- Name: videosession_videosession videosession_videosession_booking_id_key; Type: CONSTRAINT; Schema: public; Owner: postgres
--

ALTER TABLE ONLY public.videosession_videosession
    ADD CONSTRAINT videosession_videosession_booking_id_key UNIQUE (booking_id);


--
-- Name: videosession_videosession_participants videosession_videosession_participants_pkey; Type: CONSTRAINT; Schema: public; Owner: postgres
--

ALTER TABLE ONLY public.videosession_videosession_participants
    ADD CONSTRAINT videosession_videosession_participants_pkey PRIMARY KEY (id);


--
-- Name: videosession_videosession videosession_videosession_pkey; Type: CONSTRAINT; Schema: public; Owner: postgres
--

ALTER TABLE ONLY public.videosession_videosession
    ADD CONSTRAINT videosession_videosession_pkey PRIMARY KEY (id);


--
-- Name: website_feedback_websitefeedback website_feedback_websitefeedback_pkey; Type: CONSTRAINT; Schema: public; Owner: postgres
--

ALTER TABLE ONLY public.website_feedback_websitefeedback
    ADD CONSTRAINT website_feedback_websitefeedback_pkey PRIMARY KEY (id);


--
-- Name: website_feedback_websitefeedbackreply website_feedback_websitefeedbackreply_feedback_id_key; Type: CONSTRAINT; Schema: public; Owner: postgres
--

ALTER TABLE ONLY public.website_feedback_websitefeedbackreply
    ADD CONSTRAINT website_feedback_websitefeedbackreply_feedback_id_key UNIQUE (feedback_id);


--
-- Name: website_feedback_websitefeedbackreply website_feedback_websitefeedbackreply_pkey; Type: CONSTRAINT; Schema: public; Owner: postgres
--

ALTER TABLE ONLY public.website_feedback_websitefeedbackreply
    ADD CONSTRAINT website_feedback_websitefeedbackreply_pkey PRIMARY KEY (id);


--
-- Name: advocateshub_user_email_3f2e4451_like; Type: INDEX; Schema: public; Owner: postgres
--

CREATE INDEX advocateshub_user_email_3f2e4451_like ON public.advocateshub_user USING btree (email varchar_pattern_ops);


--
-- Name: advocateshub_user_groups_group_id_69a850ee; Type: INDEX; Schema: public; Owner: postgres
--

CREATE INDEX advocateshub_user_groups_group_id_69a850ee ON public.advocateshub_user_groups USING btree (group_id);


--
-- Name: advocateshub_user_groups_user_id_b94c5528; Type: INDEX; Schema: public; Owner: postgres
--

CREATE INDEX advocateshub_user_groups_user_id_b94c5528 ON public.advocateshub_user_groups USING btree (user_id);


--
-- Name: advocateshub_user_user_permissions_permission_id_3931ba26; Type: INDEX; Schema: public; Owner: postgres
--

CREATE INDEX advocateshub_user_user_permissions_permission_id_3931ba26 ON public.advocateshub_user_user_permissions USING btree (permission_id);


--
-- Name: advocateshub_user_user_permissions_user_id_40f37785; Type: INDEX; Schema: public; Owner: postgres
--

CREATE INDEX advocateshub_user_user_permissions_user_id_40f37785 ON public.advocateshub_user_user_permissions USING btree (user_id);


--
-- Name: advocateshub_user_username_e2492155_like; Type: INDEX; Schema: public; Owner: postgres
--

CREATE INDEX advocateshub_user_username_e2492155_like ON public.advocateshub_user USING btree (username varchar_pattern_ops);


--
-- Name: auth_group_name_a6ea08ec_like; Type: INDEX; Schema: public; Owner: postgres
--

CREATE INDEX auth_group_name_a6ea08ec_like ON public.auth_group USING btree (name varchar_pattern_ops);


--
-- Name: auth_group_permissions_group_id_b120cbf9; Type: INDEX; Schema: public; Owner: postgres
--

CREATE INDEX auth_group_permissions_group_id_b120cbf9 ON public.auth_group_permissions USING btree (group_id);


--
-- Name: auth_group_permissions_permission_id_84c5c92e; Type: INDEX; Schema: public; Owner: postgres
--

CREATE INDEX auth_group_permissions_permission_id_84c5c92e ON public.auth_group_permissions USING btree (permission_id);


--
-- Name: auth_permission_content_type_id_2f476e4b; Type: INDEX; Schema: public; Owner: postgres
--

CREATE INDEX auth_permission_content_type_id_2f476e4b ON public.auth_permission USING btree (content_type_id);


--
-- Name: bookingapi_booking_client_id_8f84abdf; Type: INDEX; Schema: public; Owner: postgres
--

CREATE INDEX bookingapi_booking_client_id_8f84abdf ON public.bookingapi_booking USING btree (client_id);


--
-- Name: bookingapi_booking_lawyer_id_956bb84a; Type: INDEX; Schema: public; Owner: postgres
--

CREATE INDEX bookingapi_booking_lawyer_id_956bb84a ON public.bookingapi_booking USING btree (lawyer_id);


--
-- Name: chat_chatmessage_booking_id_1a4ecf32; Type: INDEX; Schema: public; Owner: postgres
--

CREATE INDEX chat_chatmessage_booking_id_1a4ecf32 ON public.chat_chatmessage USING btree (booking_id);


--
-- Name: chat_chatmessage_sender_id_80753f2b; Type: INDEX; Schema: public; Owner: postgres
--

CREATE INDEX chat_chatmessage_sender_id_80753f2b ON public.chat_chatmessage USING btree (sender_id);


--
-- Name: django_admin_log_content_type_id_c4bce8eb; Type: INDEX; Schema: public; Owner: postgres
--

CREATE INDEX django_admin_log_content_type_id_c4bce8eb ON public.django_admin_log USING btree (content_type_id);


--
-- Name: django_admin_log_user_id_c564eba6; Type: INDEX; Schema: public; Owner: postgres
--

CREATE INDEX django_admin_log_user_id_c564eba6 ON public.django_admin_log USING btree (user_id);


--
-- Name: django_session_expire_date_a5c62663; Type: INDEX; Schema: public; Owner: postgres
--

CREATE INDEX django_session_expire_date_a5c62663 ON public.django_session USING btree (expire_date);


--
-- Name: django_session_session_key_c0390e0f_like; Type: INDEX; Schema: public; Owner: postgres
--

CREATE INDEX django_session_session_key_c0390e0f_like ON public.django_session USING btree (session_key varchar_pattern_ops);


--
-- Name: reviews_review_lawyer_id_11fc967e; Type: INDEX; Schema: public; Owner: postgres
--

CREATE INDEX reviews_review_lawyer_id_11fc967e ON public.reviews_review USING btree (lawyer_id);


--
-- Name: reviews_review_user_id_875caff2; Type: INDEX; Schema: public; Owner: postgres
--

CREATE INDEX reviews_review_user_id_875caff2 ON public.reviews_review USING btree (user_id);


--
-- Name: reviews_reviewreply_lawyer_id_f548716b; Type: INDEX; Schema: public; Owner: postgres
--

CREATE INDEX reviews_reviewreply_lawyer_id_f548716b ON public.reviews_reviewreply USING btree (lawyer_id);


--
-- Name: videosession_videosession_participants_user_id_999ae0fd; Type: INDEX; Schema: public; Owner: postgres
--

CREATE INDEX videosession_videosession_participants_user_id_999ae0fd ON public.videosession_videosession_participants USING btree (user_id);


--
-- Name: videosession_videosession_participants_videosession_id_e0e5bc90; Type: INDEX; Schema: public; Owner: postgres
--

CREATE INDEX videosession_videosession_participants_videosession_id_e0e5bc90 ON public.videosession_videosession_participants USING btree (videosession_id);


--
-- Name: website_feedback_websitefeedback_user_id_ebfc4bcc; Type: INDEX; Schema: public; Owner: postgres
--

CREATE INDEX website_feedback_websitefeedback_user_id_ebfc4bcc ON public.website_feedback_websitefeedback USING btree (user_id);


--
-- Name: website_feedback_websitefeedbackreply_responder_id_95a5668a; Type: INDEX; Schema: public; Owner: postgres
--

CREATE INDEX website_feedback_websitefeedbackreply_responder_id_95a5668a ON public.website_feedback_websitefeedbackreply USING btree (responder_id);


--
-- Name: advocateshub_user_groups advocateshub_user_gr_user_id_b94c5528_fk_advocates; Type: FK CONSTRAINT; Schema: public; Owner: postgres
--

ALTER TABLE ONLY public.advocateshub_user_groups
    ADD CONSTRAINT advocateshub_user_gr_user_id_b94c5528_fk_advocates FOREIGN KEY (user_id) REFERENCES public.advocateshub_user(id) DEFERRABLE INITIALLY DEFERRED;


--
-- Name: advocateshub_user_groups advocateshub_user_groups_group_id_69a850ee_fk_auth_group_id; Type: FK CONSTRAINT; Schema: public; Owner: postgres
--

ALTER TABLE ONLY public.advocateshub_user_groups
    ADD CONSTRAINT advocateshub_user_groups_group_id_69a850ee_fk_auth_group_id FOREIGN KEY (group_id) REFERENCES public.auth_group(id) DEFERRABLE INITIALLY DEFERRED;


--
-- Name: advocateshub_user_user_permissions advocateshub_user_us_permission_id_3931ba26_fk_auth_perm; Type: FK CONSTRAINT; Schema: public; Owner: postgres
--

ALTER TABLE ONLY public.advocateshub_user_user_permissions
    ADD CONSTRAINT advocateshub_user_us_permission_id_3931ba26_fk_auth_perm FOREIGN KEY (permission_id) REFERENCES public.auth_permission(id) DEFERRABLE INITIALLY DEFERRED;


--
-- Name: advocateshub_user_user_permissions advocateshub_user_us_user_id_40f37785_fk_advocates; Type: FK CONSTRAINT; Schema: public; Owner: postgres
--

ALTER TABLE ONLY public.advocateshub_user_user_permissions
    ADD CONSTRAINT advocateshub_user_us_user_id_40f37785_fk_advocates FOREIGN KEY (user_id) REFERENCES public.advocateshub_user(id) DEFERRABLE INITIALLY DEFERRED;


--
-- Name: auth_group_permissions auth_group_permissio_permission_id_84c5c92e_fk_auth_perm; Type: FK CONSTRAINT; Schema: public; Owner: postgres
--

ALTER TABLE ONLY public.auth_group_permissions
    ADD CONSTRAINT auth_group_permissio_permission_id_84c5c92e_fk_auth_perm FOREIGN KEY (permission_id) REFERENCES public.auth_permission(id) DEFERRABLE INITIALLY DEFERRED;


--
-- Name: auth_group_permissions auth_group_permissions_group_id_b120cbf9_fk_auth_group_id; Type: FK CONSTRAINT; Schema: public; Owner: postgres
--

ALTER TABLE ONLY public.auth_group_permissions
    ADD CONSTRAINT auth_group_permissions_group_id_b120cbf9_fk_auth_group_id FOREIGN KEY (group_id) REFERENCES public.auth_group(id) DEFERRABLE INITIALLY DEFERRED;


--
-- Name: auth_permission auth_permission_content_type_id_2f476e4b_fk_django_co; Type: FK CONSTRAINT; Schema: public; Owner: postgres
--

ALTER TABLE ONLY public.auth_permission
    ADD CONSTRAINT auth_permission_content_type_id_2f476e4b_fk_django_co FOREIGN KEY (content_type_id) REFERENCES public.django_content_type(id) DEFERRABLE INITIALLY DEFERRED;


--
-- Name: bookingapi_booking bookingapi_booking_client_id_8f84abdf_fk_clientapi_client_id; Type: FK CONSTRAINT; Schema: public; Owner: postgres
--

ALTER TABLE ONLY public.bookingapi_booking
    ADD CONSTRAINT bookingapi_booking_client_id_8f84abdf_fk_clientapi_client_id FOREIGN KEY (client_id) REFERENCES public.clientapi_client(id) DEFERRABLE INITIALLY DEFERRED;


--
-- Name: bookingapi_booking bookingapi_booking_lawyer_id_956bb84a_fk_lawyerapi_lawyer_id; Type: FK CONSTRAINT; Schema: public; Owner: postgres
--

ALTER TABLE ONLY public.bookingapi_booking
    ADD CONSTRAINT bookingapi_booking_lawyer_id_956bb84a_fk_lawyerapi_lawyer_id FOREIGN KEY (lawyer_id) REFERENCES public.lawyerapi_lawyer(id) DEFERRABLE INITIALLY DEFERRED;


--
-- Name: chat_chatmessage chat_chatmessage_booking_id_1a4ecf32_fk_bookingapi_booking_id; Type: FK CONSTRAINT; Schema: public; Owner: postgres
--

ALTER TABLE ONLY public.chat_chatmessage
    ADD CONSTRAINT chat_chatmessage_booking_id_1a4ecf32_fk_bookingapi_booking_id FOREIGN KEY (booking_id) REFERENCES public.bookingapi_booking(id) DEFERRABLE INITIALLY DEFERRED;


--
-- Name: chat_chatmessage chat_chatmessage_sender_id_80753f2b_fk_advocateshub_user_id; Type: FK CONSTRAINT; Schema: public; Owner: postgres
--

ALTER TABLE ONLY public.chat_chatmessage
    ADD CONSTRAINT chat_chatmessage_sender_id_80753f2b_fk_advocateshub_user_id FOREIGN KEY (sender_id) REFERENCES public.advocateshub_user(id) DEFERRABLE INITIALLY DEFERRED;


--
-- Name: clientapi_client clientapi_client_user_id_9fffca71_fk_advocateshub_user_id; Type: FK CONSTRAINT; Schema: public; Owner: postgres
--

ALTER TABLE ONLY public.clientapi_client
    ADD CONSTRAINT clientapi_client_user_id_9fffca71_fk_advocateshub_user_id FOREIGN KEY (user_id) REFERENCES public.advocateshub_user(id) DEFERRABLE INITIALLY DEFERRED;


--
-- Name: django_admin_log django_admin_log_content_type_id_c4bce8eb_fk_django_co; Type: FK CONSTRAINT; Schema: public; Owner: postgres
--

ALTER TABLE ONLY public.django_admin_log
    ADD CONSTRAINT django_admin_log_content_type_id_c4bce8eb_fk_django_co FOREIGN KEY (content_type_id) REFERENCES public.django_content_type(id) DEFERRABLE INITIALLY DEFERRED;


--
-- Name: django_admin_log django_admin_log_user_id_c564eba6_fk_advocateshub_user_id; Type: FK CONSTRAINT; Schema: public; Owner: postgres
--

ALTER TABLE ONLY public.django_admin_log
    ADD CONSTRAINT django_admin_log_user_id_c564eba6_fk_advocateshub_user_id FOREIGN KEY (user_id) REFERENCES public.advocateshub_user(id) DEFERRABLE INITIALLY DEFERRED;


--
-- Name: lawyerapi_lawyer lawyerapi_lawyer_user_id_9289cdc2_fk_advocateshub_user_id; Type: FK CONSTRAINT; Schema: public; Owner: postgres
--

ALTER TABLE ONLY public.lawyerapi_lawyer
    ADD CONSTRAINT lawyerapi_lawyer_user_id_9289cdc2_fk_advocateshub_user_id FOREIGN KEY (user_id) REFERENCES public.advocateshub_user(id) DEFERRABLE INITIALLY DEFERRED;


--
-- Name: reviews_review reviews_review_lawyer_id_11fc967e_fk_lawyerapi_lawyer_id; Type: FK CONSTRAINT; Schema: public; Owner: postgres
--

ALTER TABLE ONLY public.reviews_review
    ADD CONSTRAINT reviews_review_lawyer_id_11fc967e_fk_lawyerapi_lawyer_id FOREIGN KEY (lawyer_id) REFERENCES public.lawyerapi_lawyer(id) DEFERRABLE INITIALLY DEFERRED;


--
-- Name: reviews_review reviews_review_user_id_875caff2_fk_advocateshub_user_id; Type: FK CONSTRAINT; Schema: public; Owner: postgres
--

ALTER TABLE ONLY public.reviews_review
    ADD CONSTRAINT reviews_review_user_id_875caff2_fk_advocateshub_user_id FOREIGN KEY (user_id) REFERENCES public.advocateshub_user(id) DEFERRABLE INITIALLY DEFERRED;


--
-- Name: reviews_reviewreply reviews_reviewreply_lawyer_id_f548716b_fk_lawyerapi_lawyer_id; Type: FK CONSTRAINT; Schema: public; Owner: postgres
--

ALTER TABLE ONLY public.reviews_reviewreply
    ADD CONSTRAINT reviews_reviewreply_lawyer_id_f548716b_fk_lawyerapi_lawyer_id FOREIGN KEY (lawyer_id) REFERENCES public.lawyerapi_lawyer(id) DEFERRABLE INITIALLY DEFERRED;


--
-- Name: reviews_reviewreply reviews_reviewreply_review_id_1f699991_fk_reviews_review_id; Type: FK CONSTRAINT; Schema: public; Owner: postgres
--

ALTER TABLE ONLY public.reviews_reviewreply
    ADD CONSTRAINT reviews_reviewreply_review_id_1f699991_fk_reviews_review_id FOREIGN KEY (review_id) REFERENCES public.reviews_review(id) DEFERRABLE INITIALLY DEFERRED;


--
-- Name: videosession_videosession videosession_videose_booking_id_8d63a00e_fk_bookingap; Type: FK CONSTRAINT; Schema: public; Owner: postgres
--

ALTER TABLE ONLY public.videosession_videosession
    ADD CONSTRAINT videosession_videose_booking_id_8d63a00e_fk_bookingap FOREIGN KEY (booking_id) REFERENCES public.bookingapi_booking(id) DEFERRABLE INITIALLY DEFERRED;


--
-- Name: videosession_videosession_participants videosession_videose_user_id_999ae0fd_fk_advocates; Type: FK CONSTRAINT; Schema: public; Owner: postgres
--

ALTER TABLE ONLY public.videosession_videosession_participants
    ADD CONSTRAINT videosession_videose_user_id_999ae0fd_fk_advocates FOREIGN KEY (user_id) REFERENCES public.advocateshub_user(id) DEFERRABLE INITIALLY DEFERRED;


--
-- Name: videosession_videosession_participants videosession_videose_videosession_id_e0e5bc90_fk_videosess; Type: FK CONSTRAINT; Schema: public; Owner: postgres
--

ALTER TABLE ONLY public.videosession_videosession_participants
    ADD CONSTRAINT videosession_videose_videosession_id_e0e5bc90_fk_videosess FOREIGN KEY (videosession_id) REFERENCES public.videosession_videosession(id) DEFERRABLE INITIALLY DEFERRED;


--
-- Name: website_feedback_websitefeedbackreply website_feedback_web_feedback_id_f1a06369_fk_website_f; Type: FK CONSTRAINT; Schema: public; Owner: postgres
--

ALTER TABLE ONLY public.website_feedback_websitefeedbackreply
    ADD CONSTRAINT website_feedback_web_feedback_id_f1a06369_fk_website_f FOREIGN KEY (feedback_id) REFERENCES public.website_feedback_websitefeedback(id) DEFERRABLE INITIALLY DEFERRED;


--
-- Name: website_feedback_websitefeedbackreply website_feedback_web_responder_id_95a5668a_fk_advocates; Type: FK CONSTRAINT; Schema: public; Owner: postgres
--

ALTER TABLE ONLY public.website_feedback_websitefeedbackreply
    ADD CONSTRAINT website_feedback_web_responder_id_95a5668a_fk_advocates FOREIGN KEY (responder_id) REFERENCES public.advocateshub_user(id) DEFERRABLE INITIALLY DEFERRED;


--
-- Name: website_feedback_websitefeedback website_feedback_web_user_id_ebfc4bcc_fk_advocates; Type: FK CONSTRAINT; Schema: public; Owner: postgres
--

ALTER TABLE ONLY public.website_feedback_websitefeedback
    ADD CONSTRAINT website_feedback_web_user_id_ebfc4bcc_fk_advocates FOREIGN KEY (user_id) REFERENCES public.advocateshub_user(id) DEFERRABLE INITIALLY DEFERRED;


--
-- PostgreSQL database dump complete
--

